-- MySQL dump 10.13  Distrib 8.0.24, for Win64 (x86_64)
--
-- Host: us-cdbr-east-04.cleardb.com    Database: heroku_3c475d904185207
-- ------------------------------------------------------
-- Server version	5.6.50-log

/*!40101 SET @OLD_CHARACTER_SET_CLIENT=@@CHARACTER_SET_CLIENT */;
/*!40101 SET @OLD_CHARACTER_SET_RESULTS=@@CHARACTER_SET_RESULTS */;
/*!40101 SET @OLD_COLLATION_CONNECTION=@@COLLATION_CONNECTION */;
/*!50503 SET NAMES utf8 */;
/*!40103 SET @OLD_TIME_ZONE=@@TIME_ZONE */;
/*!40103 SET TIME_ZONE='+00:00' */;
/*!40014 SET @OLD_UNIQUE_CHECKS=@@UNIQUE_CHECKS, UNIQUE_CHECKS=0 */;
/*!40014 SET @OLD_FOREIGN_KEY_CHECKS=@@FOREIGN_KEY_CHECKS, FOREIGN_KEY_CHECKS=0 */;
/*!40101 SET @OLD_SQL_MODE=@@SQL_MODE, SQL_MODE='NO_AUTO_VALUE_ON_ZERO' */;
/*!40111 SET @OLD_SQL_NOTES=@@SQL_NOTES, SQL_NOTES=0 */;

--
-- Table structure for table `account`
--

DROP TABLE IF EXISTS `account`;
/*!40101 SET @saved_cs_client     = @@character_set_client */;
/*!50503 SET character_set_client = utf8mb4 */;
CREATE TABLE `account` (
  `Id` int(11) NOT NULL AUTO_INCREMENT,
  `EmployeeId` int(11) NOT NULL,
  `Username` varchar(255) NOT NULL,
  `Password` varchar(255) NOT NULL,
  PRIMARY KEY (`Id`),
  KEY `FKAccount18917` (`EmployeeId`),
  CONSTRAINT `FKAccount18917` FOREIGN KEY (`EmployeeId`) REFERENCES `employee` (`Id`)
) ENGINE=InnoDB AUTO_INCREMENT=25 DEFAULT CHARSET=utf8;
/*!40101 SET character_set_client = @saved_cs_client */;

--
-- Dumping data for table `account`
--

LOCK TABLES `account` WRITE;
/*!40000 ALTER TABLE `account` DISABLE KEYS */;
INSERT INTO `account` VALUES (2,2,'cuongpham','$2a$10$2yiae9.Vt.69/1Vp73SwGuH81B/XbzVq1LmevpOD6CmqhnPwawu1W'),(3,3,'thuha','$2a$10$2Vu4d8frErBxLUhzzj4cduSG/6qPu.3PEO4dBQFFoYn4oDnpQAMwa'),(4,4,'phananh','$2a$10$gSZPx/n/zre4703KITTUKuHvyCA.cgN479YVpR.qyYsN/TVA.Ouy.'),(5,5,'quan','$2a$10$lDS6Ui/lUnPA5VsAKWWxhO35Va6Gm1v6SaJsQStFPMxGKAAN/zH7a'),(6,6,'thduong','$2a$10$B4ioEnLvzun1D3M4xhPEJe1WkDrR0tI1Da57GHNaBAU3ekxAMSWwm'),(7,7,'thhang','$2a$10$y4a.DrCmnL2rK3iYOuirIudRdirKO2J.vgntEEcm5guIoHBW.WFaa'),(15,15,'tuyen','$2a$10$ltlfFsaF3u7SnESsKmo0ie0xaByYp4hUxzFQKdUDICukMMfIMrsKm');
/*!40000 ALTER TABLE `account` ENABLE KEYS */;
UNLOCK TABLES;

--
-- Table structure for table `bankaccount`
--

DROP TABLE IF EXISTS `bankaccount`;
/*!40101 SET @saved_cs_client     = @@character_set_client */;
/*!50503 SET character_set_client = utf8mb4 */;
CREATE TABLE `bankaccount` (
  `Id` varchar(255) NOT NULL,
  `BankAccountTypeId` int(11) NOT NULL,
  `Balance` double NOT NULL,
  `status` tinyint(1) DEFAULT NULL,
  PRIMARY KEY (`Id`),
  KEY `FKBankAccoun597855` (`BankAccountTypeId`),
  CONSTRAINT `FKBankAccoun597855` FOREIGN KEY (`BankAccountTypeId`) REFERENCES `bankaccounttype` (`Id`)
) ENGINE=InnoDB DEFAULT CHARSET=utf8;
/*!40101 SET character_set_client = @saved_cs_client */;

--
-- Dumping data for table `bankaccount`
--

LOCK TABLES `bankaccount` WRITE;
/*!40000 ALTER TABLE `bankaccount` DISABLE KEYS */;
INSERT INTO `bankaccount` VALUES ('03112628387171',1,300000,1),('05064156775472',1,2012000,1),('09563434440261',1,200000,1),('11941079948685',1,700000,1),('13502352759657',4,10000000,1),('14866681216031',4,102300,1),('17962646248116',5,0,1),('18727409988066',4,11000000,1),('20025345774654',2,4600205.33,1),('24287938923402',1,60000,1),('27739202186857',1,0,1),('31047017984162',5,10000,0),('35642354779232',1,600000,1),('38915117578712',5,5105000,1),('39135280632675',5,4402191,1),('41629451367527',2,200000,1),('43022291439594',4,6949999,1),('51941167615654',1,500000,1),('52413784531573',1,5383000,1),('53092704808078',1,2464700,1),('54133078555720',2,600000,1),('54331759325290',2,0,1),('70652794958440',1,1550000,1),('72358008834044',2,24793314,1),('78491851613791',1,50000000,0),('80030350077108',1,30000,1),('88872154161134',2,5075000,1),('89173617975489',1,212940,1),('95105016406939',2,6090000,1),('99624231464710',2,1471750,1);
/*!40000 ALTER TABLE `bankaccount` ENABLE KEYS */;
UNLOCK TABLES;

--
-- Table structure for table `bankaccounttype`
--

DROP TABLE IF EXISTS `bankaccounttype`;
/*!40101 SET @saved_cs_client     = @@character_set_client */;
/*!50503 SET character_set_client = utf8mb4 */;
CREATE TABLE `bankaccounttype` (
  `Id` int(11) NOT NULL AUTO_INCREMENT,
  `Name` varchar(255) NOT NULL,
  `Note` varchar(255) DEFAULT NULL,
  `status` tinyint(1) DEFAULT NULL,
  PRIMARY KEY (`Id`)
) ENGINE=InnoDB AUTO_INCREMENT=25 DEFAULT CHARSET=utf8;
/*!40101 SET character_set_client = @saved_cs_client */;

--
-- Dumping data for table `bankaccounttype`
--

LOCK TABLES `bankaccounttype` WRITE;
/*!40000 ALTER TABLE `bankaccounttype` DISABLE KEYS */;
INSERT INTO `bankaccounttype` VALUES (1,'Silver','bạc',1),(2,'Gold','vàng',1),(4,'Platinum','bạch kim',1),(5,'Diamond','kim cương',1),(6,'aa','',0),(15,'Bronze','đồng',0);
/*!40000 ALTER TABLE `bankaccounttype` ENABLE KEYS */;
UNLOCK TABLES;

--
-- Table structure for table `createdbankaccount`
--

DROP TABLE IF EXISTS `createdbankaccount`;
/*!40101 SET @saved_cs_client     = @@character_set_client */;
/*!50503 SET character_set_client = utf8mb4 */;
CREATE TABLE `createdbankaccount` (
  `Id` int(11) NOT NULL AUTO_INCREMENT,
  `CustomerId` int(11) NOT NULL,
  `EmployeeId` int(11) NOT NULL,
  `BankAccountId` varchar(255) NOT NULL,
  `DateCreate` datetime NOT NULL,
  PRIMARY KEY (`Id`),
  UNIQUE KEY `BankAccountId_UNIQUE` (`BankAccountId`),
  KEY `FKCreatedBan431903` (`EmployeeId`),
  KEY `FKCreatedBan24935` (`CustomerId`),
  CONSTRAINT `CreatedBankAccount_ibfk_1` FOREIGN KEY (`BankAccountId`) REFERENCES `bankaccount` (`Id`),
  CONSTRAINT `FKCreatedBan24935` FOREIGN KEY (`CustomerId`) REFERENCES `customer` (`Id`),
  CONSTRAINT `FKCreatedBan431903` FOREIGN KEY (`EmployeeId`) REFERENCES `employee` (`Id`)
) ENGINE=InnoDB AUTO_INCREMENT=205 DEFAULT CHARSET=utf8;
/*!40101 SET character_set_client = @saved_cs_client */;

--
-- Dumping data for table `createdbankaccount`
--

LOCK TABLES `createdbankaccount` WRITE;
/*!40000 ALTER TABLE `createdbankaccount` DISABLE KEYS */;
INSERT INTO `createdbankaccount` VALUES (1,21,2,'24287938923402','2021-11-20 22:29:49'),(2,21,2,'18727409988066','2021-11-21 00:55:26'),(3,21,2,'39135280632675','2021-11-21 11:52:35'),(4,21,2,'52413784531573','2021-11-21 12:31:13'),(5,22,2,'89173617975489','2021-11-22 13:19:52'),(6,22,2,'54133078555720','2021-11-24 19:46:09'),(7,21,2,'41629451367527','2021-11-25 15:11:11'),(8,22,2,'72358008834044','2021-11-25 22:39:52'),(9,22,2,'38915117578712','2021-11-25 22:40:52'),(10,23,2,'31047017984162','2021-11-25 22:41:22'),(11,23,2,'43022291439594','2021-11-25 22:41:35'),(15,22,4,'54331759325290','2021-11-26 15:40:21'),(25,45,15,'05064156775472','2021-11-26 16:17:27'),(35,45,15,'09563434440261','2021-11-26 16:18:44'),(45,45,15,'88872154161134','2021-11-26 16:20:07'),(55,55,15,'20025345774654','2021-11-26 16:20:33'),(65,65,15,'95105016406939','2021-11-26 16:20:53'),(75,75,15,'99624231464710','2021-11-26 16:21:11'),(85,85,15,'53092704808078','2021-11-26 16:21:31'),(95,55,15,'11941079948685','2021-11-26 16:21:58'),(105,65,15,'70652794958440','2021-11-26 16:22:18'),(115,75,15,'35642354779232','2021-11-26 16:22:32'),(125,85,15,'51941167615654','2021-11-26 16:22:49'),(135,30,2,'14866681216031','2021-11-28 00:11:11'),(145,23,4,'27739202186857','2021-12-03 16:02:34'),(155,23,4,'78491851613791','2021-12-03 16:11:57'),(165,23,4,'03112628387171','2021-12-03 16:22:45'),(175,31,2,'17962646248116','2021-12-03 22:28:45'),(185,31,2,'13502352759657','2021-12-03 22:29:46'),(195,31,2,'80030350077108','2021-12-03 22:43:54');
/*!40000 ALTER TABLE `createdbankaccount` ENABLE KEYS */;
UNLOCK TABLES;

--
-- Table structure for table `creditaccount`
--

DROP TABLE IF EXISTS `creditaccount`;
/*!40101 SET @saved_cs_client     = @@character_set_client */;
/*!50503 SET character_set_client = utf8mb4 */;
CREATE TABLE `creditaccount` (
  `LimitBalance` double NOT NULL,
  `BankAccountId` varchar(255) NOT NULL,
  PRIMARY KEY (`BankAccountId`),
  CONSTRAINT `FKCreditAcco491922` FOREIGN KEY (`BankAccountId`) REFERENCES `bankaccount` (`Id`)
) ENGINE=InnoDB DEFAULT CHARSET=utf8;
/*!40101 SET character_set_client = @saved_cs_client */;

--
-- Dumping data for table `creditaccount`
--

LOCK TABLES `creditaccount` WRITE;
/*!40000 ALTER TABLE `creditaccount` DISABLE KEYS */;
INSERT INTO `creditaccount` VALUES (10000000,'09563434440261'),(10000000,'11941079948685'),(100000000,'17962646248116'),(200000000,'18727409988066'),(10000000,'24287938923402'),(10000000,'27739202186857'),(100000000,'31047017984162'),(10000000,'35642354779232'),(10000000,'43022291439594'),(10000000,'51941167615654'),(100000000,'54133078555720'),(12500000,'54331759325290'),(10000000,'70652794958440');
/*!40000 ALTER TABLE `creditaccount` ENABLE KEYS */;
UNLOCK TABLES;

--
-- Table structure for table `customer`
--

DROP TABLE IF EXISTS `customer`;
/*!40101 SET @saved_cs_client     = @@character_set_client */;
/*!50503 SET character_set_client = utf8mb4 */;
CREATE TABLE `customer` (
  `Id` int(11) NOT NULL AUTO_INCREMENT,
  `FullName` varchar(255) NOT NULL,
  `IdCard` varchar(255) NOT NULL,
  `DateOfBirth` date NOT NULL,
  `Address` varchar(255) NOT NULL,
  `status` tinyint(1) DEFAULT NULL,
  `Email` varchar(255) NOT NULL,
  PRIMARY KEY (`Id`)
) ENGINE=InnoDB AUTO_INCREMENT=135 DEFAULT CHARSET=utf8;
/*!40101 SET character_set_client = @saved_cs_client */;

--
-- Dumping data for table `customer`
--

LOCK TABLES `customer` WRITE;
/*!40000 ALTER TABLE `customer` DISABLE KEYS */;
INSERT INTO `customer` VALUES (21,'Cường Mạnh Phạm','123444455612','1998-11-10','Hải Dương',1,'phamcuongth2000@gmail.com'),(22,'Lê Trọng Phan','434534534458','2000-04-22','Hà Nội',1,'leducphananh@gmail.com'),(23,'Nguyên Mạnh Trung','453478912347','1986-12-14','Hà Nội',1,'leducphananhz@gmail.com'),(24,'Nguyễn Thanh Tuyến','945643154112','2000-01-06','Hà Nội',1,'tuyentn@gmail.com'),(25,'Trần Đức Nam','131314414414','2015-03-26','Hà Nam',1,'namtd@gmail.com'),(26,'Trịnh Vinh Toàn','851123020044','2000-03-08','Hưng Yên',1,'toantv@gmal.com'),(27,'Dương Ngọc Duy','561632187844','2000-10-15','Hà Nội',1,'duydn@gmail.com'),(28,'Lê Văn Sang','123123412455','1999-02-25','Bắc Ninh',1,'sanglv@gmail.com'),(29,'Đào Đức Thành','100018946475','2000-11-20','Hải Dương',1,'thanhdd@gmail.com'),(30,'Hồ Quang Hiếu','765746465646','2003-02-13','Bắc Giang',1,'hieuhq@gmail.com'),(31,'Vũ Thế Dương','074631385219','2000-07-29','Hà Nội',1,'phamcuongth2000@gmail.com'),(35,'Cường Mạnh Phạm','121300014666','2000-05-19','Hà Nội',0,'cuongpm@gmail.com'),(45,'Phạm Quang Anh','142587482913','2000-05-05','Thái Bình',1,'anhpq@gmail.com'),(55,'Lê Sỹ Văn','142868592341','2000-10-03','Thanh Hóa',1,'vanls@gmail.com'),(65,'Nguyễn Danh Thắng','142958423111','2000-09-12','Thanh Hóa',1,'thangnd@gmail.com'),(75,'Nguyễn Văn Thử','140786429131','2000-09-20','Ninh Bình',1,'thunv@gmail.com'),(85,'Đặng Đức Long','142864239305','2000-01-30','Hải Dương',1,'longdd@gmail.com'),(95,'Nguyễn Phương Nam','121300014111','2021-11-03','Thanh Hóa',1,'namnp@gmail.com'),(105,'Cường Mạnh Phạm','123444455612','1998-11-10','Hải Dương',0,'phamcm@gmail.com'),(115,'Cường Mạnh Phạm','123444455612','1998-11-10','Hải Dương',0,'phamcm@gmail.com'),(125,'Lê Đức Phan Anh 1','111111111111','2021-12-05','Hà Nội',0,'anhldp1@gmail.com');
/*!40000 ALTER TABLE `customer` ENABLE KEYS */;
UNLOCK TABLES;

--
-- Table structure for table `depositaccount`
--

DROP TABLE IF EXISTS `depositaccount`;
/*!40101 SET @saved_cs_client     = @@character_set_client */;
/*!50503 SET character_set_client = utf8mb4 */;
CREATE TABLE `depositaccount` (
  `InterestRate` double NOT NULL,
  `MinimumBalance` double NOT NULL,
  `BankAccountId` varchar(255) NOT NULL,
  PRIMARY KEY (`BankAccountId`),
  CONSTRAINT `FKDepositAcc917662` FOREIGN KEY (`BankAccountId`) REFERENCES `bankaccount` (`Id`)
) ENGINE=InnoDB DEFAULT CHARSET=utf8;
/*!40101 SET character_set_client = @saved_cs_client */;

--
-- Dumping data for table `depositaccount`
--

LOCK TABLES `depositaccount` WRITE;
/*!40000 ALTER TABLE `depositaccount` DISABLE KEYS */;
INSERT INTO `depositaccount` VALUES (1.5,200000,'03112628387171'),(0.6,50000,'05064156775472'),(1.2,100000,'13502352759657'),(2.3,100000,'14866681216031'),(1.5,100000,'20025345774654'),(2.1,200000,'38915117578712'),(3.33,200000,'39135280632675'),(1.5,100000,'41629451367527'),(0.6,50000,'52413784531573'),(0.6,50000,'53092704808078'),(1.4,100000,'72358008834044'),(1.5,200000,'78491851613791'),(1.2,20000,'80030350077108'),(1.5,100000,'88872154161134'),(1.4,50000,'89173617975489'),(1.5,100000,'95105016406939'),(1.5,100000,'99624231464710');
/*!40000 ALTER TABLE `depositaccount` ENABLE KEYS */;
UNLOCK TABLES;

--
-- Table structure for table `employee`
--

DROP TABLE IF EXISTS `employee`;
/*!40101 SET @saved_cs_client     = @@character_set_client */;
/*!50503 SET character_set_client = utf8mb4 */;
CREATE TABLE `employee` (
  `Id` int(11) NOT NULL AUTO_INCREMENT,
  `IdCard` varchar(255) NOT NULL,
  `FullName` varchar(255) NOT NULL,
  `DateOfBirth` date NOT NULL,
  `Address` varchar(255) NOT NULL,
  `Level` int(11) NOT NULL,
  `Seniority` int(11) NOT NULL,
  `Position` varchar(255) NOT NULL,
  `status` tinyint(1) DEFAULT NULL,
  PRIMARY KEY (`Id`)
) ENGINE=InnoDB AUTO_INCREMENT=25 DEFAULT CHARSET=utf8;
/*!40101 SET character_set_client = @saved_cs_client */;

--
-- Dumping data for table `employee`
--

LOCK TABLES `employee` WRITE;
/*!40000 ALTER TABLE `employee` DISABLE KEYS */;
INSERT INTO `employee` VALUES (2,'001200014666','Phạm Cường','2000-01-06','Hải Dương',12,10,'MANAGER',1),(3,'001200014666','Thu Hà','2000-11-17','Hà Nội',12,12,'TELLER',1),(4,'001200014669','Lê Đức Phan Anh','2000-04-22','Hà Nội',12,5,'MANAGER',1),(5,'121300014666','Trần Văn Quân','2000-03-26','Hà Nội',5,1,'TELLER',1),(6,'768700043543','Lê Thùy Dương','2000-11-08','Hưng Yên',5,2,'TELLER',1),(7,'987700021214','Nguyễn Thanh Hằng','2008-06-26','Quảng Ninh',12,5,'TELLER',1),(15,'555500014666','Nguyễn Thanh Tuyến','2000-02-26','Hải Dương',15,5,'MANAGER',1);
/*!40000 ALTER TABLE `employee` ENABLE KEYS */;
UNLOCK TABLES;

--
-- Table structure for table `salary`
--

DROP TABLE IF EXISTS `salary`;
/*!40101 SET @saved_cs_client     = @@character_set_client */;
/*!50503 SET character_set_client = utf8mb4 */;
CREATE TABLE `salary` (
  `Id` int(11) NOT NULL AUTO_INCREMENT,
  `EmployeeId` int(11) NOT NULL,
  `BasicSalary` double NOT NULL,
  `BonusSalary` double NOT NULL,
  `DateSalary` varchar(100) NOT NULL,
  PRIMARY KEY (`Id`),
  KEY `FKSalary764021` (`EmployeeId`),
  CONSTRAINT `FKSalary764021` FOREIGN KEY (`EmployeeId`) REFERENCES `employee` (`Id`)
) ENGINE=InnoDB AUTO_INCREMENT=55 DEFAULT CHARSET=utf8;
/*!40101 SET character_set_client = @saved_cs_client */;

--
-- Dumping data for table `salary`
--

LOCK TABLES `salary` WRITE;
/*!40000 ALTER TABLE `salary` DISABLE KEYS */;
INSERT INTO `salary` VALUES (15,2,15000000,3641688.88,'11/2021'),(45,3,7000000,0,'11/2021');
/*!40000 ALTER TABLE `salary` ENABLE KEYS */;
UNLOCK TABLES;

--
-- Table structure for table `transaction`
--

DROP TABLE IF EXISTS `transaction`;
/*!40101 SET @saved_cs_client     = @@character_set_client */;
/*!50503 SET character_set_client = utf8mb4 */;
CREATE TABLE `transaction` (
  `Id` int(11) NOT NULL AUTO_INCREMENT,
  `Type` varchar(255) NOT NULL,
  `DepositAccountId` varchar(255) DEFAULT NULL,
  `EmployeeId` int(11) DEFAULT NULL,
  `CreditAccountId` varchar(255) DEFAULT NULL,
  `CustomerId` int(11) DEFAULT NULL,
  `DateCreate` datetime NOT NULL,
  `Money` double NOT NULL,
  `AfterBalanceDeposit` double DEFAULT NULL,
  `AfterBalanceCredit` double DEFAULT NULL,
  `Note` varchar(1000) DEFAULT NULL,
  PRIMARY KEY (`Id`),
  KEY `FKTransactio250053` (`CustomerId`),
  KEY `FKTransactio206785` (`EmployeeId`),
  KEY `FKTransactio651323` (`DepositAccountId`),
  KEY `FKTransactio688416` (`CreditAccountId`),
  CONSTRAINT `FKTransactio651323` FOREIGN KEY (`DepositAccountId`) REFERENCES `depositaccount` (`BankAccountId`),
  CONSTRAINT `FKTransactio688416` FOREIGN KEY (`CreditAccountId`) REFERENCES `creditaccount` (`BankAccountId`),
  CONSTRAINT `transaction_ibfk_1` FOREIGN KEY (`EmployeeId`) REFERENCES `employee` (`Id`),
  CONSTRAINT `transaction_ibfk_2` FOREIGN KEY (`CustomerId`) REFERENCES `customer` (`Id`)
) ENGINE=InnoDB AUTO_INCREMENT=735 DEFAULT CHARSET=utf8;
/*!40101 SET character_set_client = @saved_cs_client */;

--
-- Dumping data for table `transaction`
--

LOCK TABLES `transaction` WRITE;
/*!40000 ALTER TABLE `transaction` DISABLE KEYS */;
INSERT INTO `transaction` VALUES (12,'DEPOSIT','39135280632675',4,NULL,21,'2021-11-21 19:38:07',1000000,2500000,0,''),(13,'DEPOSIT','52413784531573',4,NULL,21,'2021-11-21 19:57:12',100000,300000,0,''),(14,'DEPOSIT','52413784531573',4,NULL,21,'2021-11-21 20:00:26',100000,400000,0,''),(15,'DEPOSIT','52413784531573',4,NULL,21,'2021-11-21 20:03:56',100000,500000,0,''),(17,'CREDIT',NULL,4,'18727409988066',21,'2021-11-21 20:37:30',100000,0,100000,''),(18,'CREDIT',NULL,4,'18727409988066',21,'2021-11-21 20:41:18',100000,0,200000,''),(19,'DEPOSIT','39135280632675',4,NULL,21,'2021-11-21 21:17:06',1000000,3500000,0,''),(20,'CREDIT',NULL,4,'24287938923402',21,'2021-11-21 21:29:27',100000,0,100000,''),(21,'PAYMENT','39135280632675',2,'24287938923402',21,'2021-11-22 00:47:59',50000,3450000,50000,''),(22,'PAYMENT','39135280632675',2,'24287938923402',21,'2021-11-22 00:52:28',10000,3440000,40000,''),(23,'PAYMENT','39135280632675',2,'24287938923402',21,'2021-11-22 00:53:15',40000,3400000,0,''),(24,'PAYMENT','39135280632675',2,'24287938923402',21,'2021-11-22 01:04:43',0,3400000,0,''),(25,'PAYMENT','39135280632675',2,'18727409988066',21,'2021-11-22 01:10:18',0,3400000,20000000,'3500000'),(26,'PAYMENT','39135280632675',2,'18727409988066',21,'2021-11-22 01:29:02',30000,3370000,19970000,''),(27,'PAYMENT','39135280632675',2,'18727409988066',21,'2021-11-22 09:52:06',20000,3350000,0,''),(28,'DEPOSIT','39135280632675',2,NULL,21,'2021-11-22 10:36:49',10000,3360000,0,''),(29,'CREDIT',NULL,2,'18727409988066',21,'2021-11-22 11:07:01',1000000,0,1000000,''),(30,'DEPOSIT','39135280632675',2,NULL,21,'2021-11-22 11:41:05',0,3360000,0,''),(31,'CREDIT',NULL,2,'54133078555720',22,'2021-11-24 19:46:46',20000,0,20000,''),(32,'DEPOSIT','52413784531573',2,NULL,21,'2021-11-25 12:02:24',5000000,5500000,0,''),(33,'CREDIT',NULL,2,'31047017984162',23,'2021-11-25 22:42:25',10000,0,10000,''),(34,'DEPOSIT','38915117578712',2,NULL,22,'2021-11-25 22:42:58',5000000,5000000,0,''),(35,'CREDIT',NULL,2,'43022291439594',23,'2021-11-25 22:48:51',6999999,0,6999999,''),(45,'CREDIT',NULL,4,'54331759325290',22,'2021-11-26 15:40:59',189000,0,189000,''),(55,'DEPOSIT','72358008834044',4,NULL,22,'2021-11-26 15:41:48',25000000,25000000,0,''),(65,'PAYMENT','72358008834044',4,'54331759325290',22,'2021-11-26 15:45:21',189000,24811000,0,''),(75,'DEPOSIT','05064156775472',2,NULL,45,'2021-11-27 16:17:21',2000000,2000000,0,'gửi tiền vô tài khoản'),(85,'DEPOSIT','88872154161134',2,NULL,45,'2021-11-27 16:17:59',5000000,5000000,0,''),(95,'DEPOSIT','20025345774654',2,NULL,55,'2021-11-27 16:19:04',4532222,4532222,0,''),(105,'DEPOSIT','53092704808078',2,NULL,85,'2021-11-27 16:19:38',450000,450000,0,''),(115,'DEPOSIT','99624231464710',2,NULL,75,'2021-11-27 16:21:36',450000,450000,0,''),(125,'DEPOSIT','95105016406939',2,NULL,65,'2021-11-27 16:22:07',6000000,6000000,0,''),(135,'CREDIT',NULL,2,'18727409988066',21,'2021-11-27 23:44:12',10000000,0,11000000,''),(145,'DEPOSIT','14866681216031',2,NULL,30,'2021-11-28 00:11:52',100000,100000,0,''),(155,'CREDIT',NULL,15,'51941167615654',85,'2021-11-28 03:01:16',500000,0,500000,'Thanh toán mua hàng online'),(165,'CREDIT',NULL,15,'11941079948685',55,'2021-11-28 03:02:17',200000,0,200000,'Mua thẻ điện thoại'),(175,'CREDIT',NULL,15,'70652794958440',65,'2021-11-28 03:03:48',1000000,0,1000000,'Trả tiền điện tháng 11'),(185,'CREDIT',NULL,15,'35642354779232',75,'2021-11-28 03:04:23',600000,0,600000,'Thanh toán mua hàng online'),(195,'DEPOSIT','99624231464710',15,NULL,75,'2021-11-28 03:10:05',1000000,1450000,0,'Gửi tiền vào tài khoản'),(205,'DEPOSIT','53092704808078',15,NULL,85,'2021-11-28 03:10:39',2000000,2450000,0,'Gửi tiền vào tài khoản'),(215,'CREDIT',NULL,15,'11941079948685',55,'2021-11-28 03:12:49',500000,0,700000,'Mua thẻ game'),(225,'CREDIT',NULL,15,'70652794958440',65,'2021-11-28 03:35:37',550000,0,1550000,'Trả tiền nước'),(235,'CREDIT',NULL,15,'09563434440261',45,'2021-11-28 16:24:26',200000,0,200000,'Mua thẻ điện thoại'),(245,'PAYMENT','89173617975489',4,'54133078555720',22,'2021-12-02 21:03:30',20000,80000,0,''),(255,'CREDIT',NULL,4,'54133078555720',22,'2021-12-02 21:06:21',1000000,0,1000000,''),(265,'PAYMENT','72358008834044',4,'54133078555720',22,'2021-12-02 21:07:39',20000,24791000,980000,''),(275,'PAYMENT','72358008834044',4,'54133078555720',22,'2021-12-02 21:13:24',20000,24771000,960000,''),(285,'PAYMENT','72358008834044',4,'54133078555720',22,'2021-12-02 21:37:44',20000,24751000,940000,''),(295,'PAYMENT','72358008834044',4,'54133078555720',22,'2021-12-02 22:34:03',20000,24731000,920000,''),(305,'PAYMENT','72358008834044',4,'54133078555720',22,'2021-12-02 23:10:37',20000,24711000,900000,''),(315,'PAYMENT','72358008834044',4,'54133078555720',22,'2021-12-02 23:20:17',30000,24681000,870000,''),(325,'PAYMENT','72358008834044',4,'54133078555720',22,'2021-12-02 23:22:34',30000,24651000,840000,''),(335,'PAYMENT','72358008834044',4,'54133078555720',22,'2021-12-02 23:28:18',40000,24611000,800000,''),(345,'PAYMENT','72358008834044',4,'54133078555720',22,'2021-12-02 23:32:45',50000,24561000,750000,''),(355,'PAYMENT','72358008834044',4,'54133078555720',22,'2021-12-02 23:36:38',60000,24501000,690000,''),(365,'PAYMENT','72358008834044',4,'43022291439594',22,'2021-12-03 14:28:35',20000,24481000,6979999,''),(375,'PAYMENT','72358008834044',4,'43022291439594',22,'2021-12-03 14:36:51',30000,24451000,6949999,''),(385,'CREDIT',NULL,4,'54133078555720',22,'2021-12-03 15:40:58',100000,0,790000,''),(395,'DEPOSIT','89173617975489',4,NULL,22,'2021-12-03 15:43:40',100000,180000,0,''),(405,'DEPOSIT','89173617975489',4,NULL,22,'2021-12-03 15:45:06',10000,190000,0,''),(415,'DEPOSIT','89173617975489',4,NULL,22,'2021-12-03 15:47:15',20000,210000,0,''),(425,'PAYMENT','39135280632675',4,'54133078555720',21,'2021-12-03 16:14:50',25000,4335000,765000,''),(435,'PAYMENT','39135280632675',4,'54133078555720',21,'2021-12-03 16:17:54',35000,4300000,730000,''),(445,'PAYMENT','39135280632675',4,'54133078555720',21,'2021-12-03 16:21:34',30000,4270000,700000,''),(455,'INTEREST','03112628387171',NULL,NULL,NULL,'2021-12-03 18:30:22',0,0,0,'Cộng tiền lãi suất hàng tháng'),(465,'INTEREST','05064156775472',NULL,NULL,NULL,'2021-12-03 18:30:23',12000,2012000,0,'Cộng tiền lãi suất hàng tháng'),(475,'INTEREST','14866681216031',NULL,NULL,NULL,'2021-12-03 18:30:24',2299.9999999999995,102300,0,'Cộng tiền lãi suất hàng tháng'),(485,'INTEREST','20025345774654',NULL,NULL,NULL,'2021-12-03 18:30:25',67983.33,4600205.33,0,'Cộng tiền lãi suất hàng tháng'),(495,'INTEREST','38915117578712',NULL,NULL,NULL,'2021-12-03 18:30:26',105000,5105000,0,'Cộng tiền lãi suất hàng tháng'),(505,'INTEREST','39135280632675',NULL,NULL,NULL,'2021-12-03 18:30:27',142191,4412191,0,'Cộng tiền lãi suất hàng tháng'),(515,'INTEREST','41629451367527',NULL,NULL,NULL,'2021-12-03 18:30:28',0,0,0,'Cộng tiền lãi suất hàng tháng'),(525,'INTEREST','52413784531573',NULL,NULL,NULL,'2021-12-03 18:30:29',33000,5533000,0,'Cộng tiền lãi suất hàng tháng'),(535,'INTEREST','53092704808078',NULL,NULL,NULL,'2021-12-03 18:30:30',14700,2464700,0,'Cộng tiền lãi suất hàng tháng'),(545,'INTEREST','72358008834044',NULL,NULL,NULL,'2021-12-03 18:30:30',342314,24793314,0,'Cộng tiền lãi suất hàng tháng'),(555,'INTEREST','88872154161134',NULL,NULL,NULL,'2021-12-03 18:30:31',75000,5075000,0,'Cộng tiền lãi suất hàng tháng'),(565,'INTEREST','89173617975489',NULL,NULL,NULL,'2021-12-03 18:30:32',2940,212940,0,'Cộng tiền lãi suất hàng tháng'),(575,'INTEREST','95105016406939',NULL,NULL,NULL,'2021-12-03 18:30:33',90000,6090000,0,'Cộng tiền lãi suất hàng tháng'),(585,'INTEREST','99624231464710',NULL,NULL,NULL,'2021-12-03 18:30:34',21750,1471750,0,'Cộng tiền lãi suất hàng tháng'),(595,'CREDIT',NULL,4,'54133078555720',22,'2021-12-03 19:51:12',50000,0,750000,'Thanh toán tiền xăng'),(605,'CREDIT',NULL,4,'24287938923402',21,'2021-12-03 20:13:51',50000,0,50000,'trả tiền xăng'),(615,'PAYMENT','52413784531573',4,'54133078555720',21,'2021-12-03 20:15:11',50000,5483000,700000,'Cường trả 50k cho Phan Anh'),(625,'PAYMENT','52413784531573',4,'54133078555720',21,'2021-12-03 20:18:05',100000,5383000,600000,'Trả mày 100k'),(675,'DEPOSIT','41629451367527',2,NULL,21,'2021-12-03 22:06:17',200000,200000,0,'gửi tiền phát'),(685,'PAYMENT','39135280632675',2,'24287938923402',21,'2021-12-03 22:18:54',10000,4402191,40000,'trả tiền hộ nhé'),(695,'CREDIT',NULL,2,'24287938923402',21,'2021-12-03 22:25:23',20000,0,60000,'trả tiền xăng'),(705,'DEPOSIT','03112628387171',2,NULL,23,'2021-12-03 22:49:20',300000,300000,0,''),(715,'DEPOSIT','13502352759657',2,NULL,31,'2021-12-03 22:50:35',10000000,10000000,0,''),(725,'DEPOSIT','80030350077108',2,NULL,31,'2021-12-03 22:51:36',30000,30000,0,'');
/*!40000 ALTER TABLE `transaction` ENABLE KEYS */;
UNLOCK TABLES;
/*!40103 SET TIME_ZONE=@OLD_TIME_ZONE */;

/*!40101 SET SQL_MODE=@OLD_SQL_MODE */;
/*!40014 SET FOREIGN_KEY_CHECKS=@OLD_FOREIGN_KEY_CHECKS */;
/*!40014 SET UNIQUE_CHECKS=@OLD_UNIQUE_CHECKS */;
/*!40101 SET CHARACTER_SET_CLIENT=@OLD_CHARACTER_SET_CLIENT */;
/*!40101 SET CHARACTER_SET_RESULTS=@OLD_CHARACTER_SET_RESULTS */;
/*!40101 SET COLLATION_CONNECTION=@OLD_COLLATION_CONNECTION */;
/*!40111 SET SQL_NOTES=@OLD_SQL_NOTES */;

-- Dump completed on 2021-12-03 23:24:17
